bureau_score,dpd,dpd_present,credit_enquiries,active_loans,total_outstanding,outstanding_to_annual_income_ratio,enquiries_to_active_loans_ratio,past_loan_count,repayment_history_count,repayment_history_coverage,internal_dpd_count,collection_count,monthly_credits,monthly_debits,net_monthly_cash_flow,bank_balance,existing_emi,bounce_count,transaction_count,bounce_rate,monthly_salary,emi_to_income_ratio,cash_flow_to_income_ratio,expense_to_income_ratio,default_flag
780,0,0,1,1,100000,0.12,1.0,1,1,1.0,0,0,90000,40000,50000,150000,10000,0,100,0.00,90000,0.1111,0.5556,0.4444,0
750,0,0,2,2,200000,0.20,1.0,2,2,1.0,0,0,80000,45000,35000,120000,15000,0,120,0.00,80000,0.1875,0.4375,0.5625,0
720,0,0,3,3,300000,0.28,1.0,3,3,1.0,0,0,75000,50000,25000,90000,18000,1,110,0.0091,75000,0.2400,0.3333,0.6667,0
690,0,0,4,4,400000,0.38,1.0,4,4,1.0,0,0,70000,50000,20000,80000,22000,2,100,0.0200,70000,0.3143,0.2857,0.7143,0
650,1,1,5,4,450000,0.45,1.25,4,4,1.0,1,0,65000,52000,13000,60000,25000,3,100,0.0300,65000,0.3846,0.2000,0.8000,1
620,5,1,6,5,550000,0.55,1.2,5,4,0.8,2,1,60000,52000,8000,40000,30000,5,90,0.0556,60000,0.5000,0.1333,0.8667,1
590,15,1,7,6,650000,0.68,1.17,6,4,0.67,3,2,55000,50000,5000,30000,32000,8,80,0.1000,55000,0.5818,0.0909,0.9091,1
560,30,1,9,7,800000,0.85,1.29,7,3,0.43,4,3,50000,48000,2000,20000,35000,12,70,0.1714,50000,0.7000,0.0400,0.9600,1
770,0,0,1,2,180000,0.17,0.5,2,2,1.0,0,0,85000,42000,43000,140000,12000,0,115,0.00,85000,0.1412,0.5059,0.4941,0
730,0,0,2,2,260000,0.27,1.0,2,2,1.0,0,0,82000,47000,35000,110000,16000,1,115,0.0087,82000,0.1951,0.4268,0.5732,0
680,2,1,4,3,380000,0.42,1.33,3,3,1.0,1,0,70000,52000,18000,70000,24000,2,105,0.0190,70000,0.3429,0.2571,0.7429,1
640,10,1,5,4,500000,0.50,1.25,4,3,0.75,2,1,62000,54000,8000,50000,28000,4,95,0.0421,62000,0.4516,0.1290,0.8710,1